Units Sold,Total Profit,Region
68325,4722160.03,Australia and Oceania
35771,2846907.85,Central America and the Caribbean
98117,11082938.629999999,Europe
182870,12183211.400000004,Sub-Saharan Africa
59967,6113845.87,Asia
48678,5761191.859999999,Middle East and North Africa
19143,1457942.76,North America
